"user";"booking_date";"origin_airport";"price";"sales channel";"ant"
"user5";2018-11-01;"MAD";58.2000007629;"online";7
"user7";2018-11-01;"DUB";147.5;"online";38
"user4";2018-11-02;"TFS";24.0499992371;"online";19
"user8";2018-10-29;"MAD";59.7099990845;"online";8
"user7";2018-11-01;"LPA";37.2999992371;"call center";4
"user1";2018-11-01;"AMS";149.740005493;"travel agency";63
"user1";2018-11-01;"MAD";19.9500007629;"online";22
"user6";2018-10-30;"MAD";26.1399993896;"online";21
"user3";2018-11-01;"LPA";22.5200004578;"online";33
"user9";2018-11-01;"MAD";28.5599994659;"online";4
"user4";2018-11-01;"PMI";31.5100002289;"online";44
"user10";2018-11-01;"MAD";81.0500030518;"online";19
"user5";2018-10-31;"STR";49.3699989319;"online";38
"user3";2018-11-01;"GRU";18.9799995422;"travel agency";2
"user3";2018-10-31;"AMS";50.3100013733;"online";52
"user3";2018-11-01;"PMI";41.4500007629;"online";8
"user9";2018-11-01;"FUE";128.240005493;"travel agency";48
"user3";2018-10-29;"MAD";31.9799995422;"online";9
"user3";2018-11-01;"DUB";83.1500015259;"online";12
"user9";2018-11-01;"PMI";81.5922616998235;"online";4
"user1";2018-10-31;"CPH";60.4799995422;"online";16
"user3";2018-11-01;"ALC";140.029998779;"travel agency";4
"user3";2018-11-01;"VGO";54.8400001526;"online";29
"user9";2018-11-01;"MAD";35.0699996948;"online";9
"user10";2018-10-29;"TFN";49.7200012207;"online";3
"user2";2018-11-01;"MAD";12.4499998093;"online";27
"user4";2018-11-01;"LYS";60.9000015259;"online";1
"user6";2018-10-29;"MAD";48.9399986267;"online";4
"user7";2018-11-01;"MAD";39.3300018311;"online";10
"user6";2018-10-30;"MAD";20.8899993896;"travel agency";43
"user10";2018-11-01;"MAD";310.619995117;"online";5
"user4";2018-11-01;"NAP";131.160003662;"online";45
"user8";2018-10-29;"MAD";86.6600036621;"travel agency";6
"user1";2018-11-01;"VGO";109.010002136;"online";73
"user7";2018-11-01;"MAD";46.9900016785;"online";4
"user5";2018-11-02;"MAD";41.5400009155;"online";13
"user7";2018-10-29;"MAD";53.7700004578;"travel agency";20
"user1";2018-11-01;"SCQ";60.8499984741;"travel agency";51
"user10";2018-11-01;"MAD";73.5;"travel agency";3
"user8";2018-11-01;"MAD";109.709999084;"online";3
"user7";2018-11-01;"NTE";155.240005493;"call center";45
"user3";2018-10-31;"MAD";78.5100021362;"travel agency";15
"user1";2018-11-01;"MAD";211.229995728;"travel agency";1
"user1";2018-11-01;"MAD";60;"travel agency";7
"user6";2018-11-01;"MAD";46.0999984741;"online";22
"user7";2018-10-29;"LGW";20.7000007629;"online";61
"user1";2018-11-01;"MAD";29.6100006104;"travel agency";62
"user2";2018-11-01;"MAD";73.5;"travel agency";61
"user10";2018-11-01;"MAD";98.8199996948;"online";65
"user3";2018-11-02;"TFN";251.199996948;"travel agency";50
"user5";2018-11-01;"SCQ";127.959999084;"online";89
"user8";2018-11-01;"MAD";104.419998169;"online";6
"user6";2018-11-01;"MAD";60.1500015259;"online";73
"user5";2018-10-31;"MAD";39.3800010681;"travel agency";78
"user5";2018-11-01;"ALC";25.6900005341;"travel agency";84
"user10";2018-11-02;"MAD";15.6000003815;"online";53
"user3";2018-11-01;"MAD";76.7699966431;"online";4
"user5";2018-11-01;"DUB";63.6500015259;"online";21
"user9";2018-11-01;"FUE";59.4199981689;"call center";4
"user8";2018-11-01;"MAH";23.3400001526;"online";38
"user5";2018-11-01;"MAD";83.5999984741;"travel agency";1
"user1";2018-11-02;"LYS";44.0099983215;"online";43
"user6";2018-11-01;"TFN";120.540000916;"online";6
"user9";2018-11-01;"MAD";125.370002747;"online";5
"user10";2018-11-01;"MAD";234.910003662;"online";29
"user4";2018-11-01;"MAD";29.3700008392;"online";28
"user9";2018-10-31;"TFN";31.4099998474;"online";9
"user4";2018-11-01;"TFN";105.699996948;"online";3
"user7";2018-11-01;"MAD";166.220001221;"travel agency";32
"user3";2018-11-01;"MAD";170.669998169;"online";5
"user7";2018-11-01;"AGP";116.949996948;"travel agency";11
"user4";2018-11-01;"DUB";168.429992676;"online";4
"user2";2018-11-01;"AGP";34.4399986267;"travel agency";6
"user4";2018-10-29;"MAD";14.6700000763;"travel agency";30
"user5";2018-11-01;"OVD";72.5100021362;"online";52
"user9";2018-11-01;"MAD";79.3899993896;"travel agency";71
"user10";2018-11-01;"IBZ";46.0299987793;"online";92
"user3";2018-11-01;"MAD";45.5900001526;"travel agency";1
"user3";2018-11-01;"MAD";159.869995117;"online";7
"user10";2018-10-30;"TXL";29.0300006866;"online";0
"user4";2018-11-01;"TFN";118.720001221;"online";15
"user4";2018-11-01;"MAD";211.229995728;"online";3
"user2";2018-11-01;"VGO";13.6099996567;"online";14
"user4";2018-11-01;"DUB";60;"travel agency";30
"user6";2018-11-03;"MAD";49.4099998474;"online";14
"user3";2018-11-01;"AGP";11.8900003433;"online";2
"user2";2018-11-01;"LPA";81.5922616998235;"online";38
"user5";2018-11-01;"MAD";93.6800003052;"online";76
"user6";2018-11-01;"PMI";194.589996338;"online";2
"user2";2018-11-01;"PMI";14.8599996567;"online";22
"user8";2018-11-01;"LGW";42.7000007629;"online";2
"user8";2018-10-31;"MAD";86.0699996948;"online";3
"user1";2018-11-01;"STR";71.5699996948;"online";24
"user8";2018-11-01;"PMI";50.3199996948;"online";1
"user2";2018-11-01;"MAD";24.8099994659;"online";19
"user3";2018-11-01;"MAD";83.0299987793;"online";52
"user9";2018-11-03;"FUE";39.9000015259;"online";26
"user8";2018-11-01;"MAD";134.190002441;"travel agency";9
"user2";2018-11-01;"MAD";34.3899993896;"online";16
"user9";2018-10-29;"MAD";144.440002441;"travel agency";43
"user2";2018-11-02;"LPA";73.8499984741;"online";1
"user4";2018-11-01;"MAD";37.5800018311;"online";31
"user5";2018-11-01;"MAD";26.0599994659;"online";54
"user7";2018-11-01;"MAD";24.3600006104;"online";4
"user3";2018-11-01;"SVQ";14.1700000763;"online";7
"user5";2018-11-01;"MAD";72.6999969482;"online";44
"user9";2018-11-01;"MAD";81.5922616998235;"online";26
"user7";2018-11-02;"MAD";115.470001221;"travel agency";30
"user6";2018-11-01;"TXL";56.8300018311;"online";3
"user8";2018-11-01;"SCQ";76.3000030518;"travel agency";36
"user2";2018-10-31;"TFS";89.0999984741;"travel agency";81
"user6";2018-11-01;"SVQ";23.7900009155;"online";9
"user4";2018-11-01;"TXL";103.160003662;"online";2
"user5";2018-11-01;"MAD";45.9700012207;"online";80
"user10";2018-10-31;"MAD";23;"online";49
"user9";2018-11-01;"MAD";48;"online";39
"user9";2018-11-01;"ACE";106.650001526;"online";88
"user4";2018-11-01;"MAD";140.550003052;"online";19
"user1";2018-10-29;"MAD";38.2599983215;"online";66
"user7";2018-10-31;"LGW";27.0699996948;"online";12
"user1";2018-11-01;"MAD";36.8499984741;"online";60
"user4";2018-11-01;"MAD";62.0499992371;"online";19
"user6";2018-11-02;"MAD";69.4400024414;"online";2
"user1";2018-11-01;"PMI";46.6100006104;"travel agency";1
"user3";2018-10-30;"TFS";42.0800018311;"travel agency";46
"user3";2018-11-01;"MAD";58.0699996948;"online";46
"user8";2018-10-29;"TFN";22.6900005341;"online";5
"user8";2018-11-01;"SVQ";17.3799991608;"travel agency";22
"user7";2018-11-01;"FUE";128.190002441;"online";52
"user2";2018-11-01;"MAD";166.339996338;"travel agency";21
"user1";2018-11-01;"PMI";70.8300018311;"online";0
"user3";2018-11-01;"MAD";78.5599975586;"online";73
"user5";2018-11-01;"PMI";21.7000007629;"online";78
"user6";2018-11-03;"NTE";42.7999992371;"online";15
"user1";2018-10-29;"MAD";30.6000003815;"online";76
"user10";2018-11-01;"MAD";248.970001221;"online";2
"user10";2018-11-01;"MAD";130.460006714;"travel agency";11
"user5";2018-11-02;"AMS";81.3899993896;"travel agency";5
"user6";2018-11-01;"MAD";223.220001221;"travel agency";38
"user1";2018-10-31;"LPA";197.160003662;"online";47
"user3";2018-11-01;"LPA";35.9500007629;"online";15
"user1";2018-11-03;"MAD";51.6199989319;"online";4
"user3";2018-10-29;"MAD";41.1100006104;"online";1
"user3";2018-11-01;"ALC";21.1000003815;"online";17
"user1";2018-11-01;"TXL";15;"travel agency";3
"user8";2018-11-01;"XRY";111.540000916;"travel agency";2
"user2";2018-10-31;"TFN";114.680000305;"travel agency";3
"user1";2018-10-31;"MAD";81.5922616998235;"online";2
"user10";2018-11-01;"MAD";105.11000061;"travel agency";53
"user5";2018-11-01;"MAD";21.3299999237;"call center";26
"user10";2018-11-01;"MAD";133.029998779;"online";1
"user4";2018-10-29;"MAD";68.4400024414;"online";34
"user3";2018-10-30;"MAD";44.3199996948;"travel agency";69
"user6";2018-11-01;"TFN";201.520004272;"travel agency";37
"user8";2018-11-03;"LGW";48.1899986267;"online";7
"user6";2018-11-02;"MAD";81.5922616998235;"travel agency";50
"user3";2018-11-01;"MAD";70.0500030518;"online";2
"user4";2018-11-01;"PMI";121.019996643;"online";34
"user9";2018-10-29;"MAD";78.5699996948;"online";70
"user6";2018-11-01;"TFN";81.8099975586;"travel agency";74
"user5";2018-11-01;"MAD";22.5699996948;"online";20
"user10";2018-11-01;"MAD";34.9099998474;"online";39
"user10";2018-11-01;"MAN";34.7099990845;"travel agency";46
"user10";2018-11-01;"DUS";121.5;"travel agency";16
"user1";2018-11-01;"SCQ";81.5922616998235;"online";21
"user6";2018-11-02;"MAD";41.1199989319;"travel agency";5
"user9";2018-11-01;"ACE";79.3099975586;"online";60
"user1";2018-11-01;"MAD";99.8600006104;"online";30
"user9";2018-11-01;"MAD";28.9699993134;"online";25
"user5";2018-11-01;"VGO";158.380004883;"online";23
"user2";2018-11-01;"MAD";13.5699996948;"online";11
"user10";2018-11-01;"MAD";169.839996338;"online";5
"user9";2018-11-01;"MAD";52.5299987793;"online";49
"user9";2018-11-01;"AMS";102.930000305;"travel agency";5
"user3";2018-10-30;"MAD";74.7699966431;"travel agency";14
"user9";2018-11-01;"CGR";280.519989014;"travel agency";42
"user6";2018-11-01;"NCE";50.3800010681;"online";12
"user10";2018-10-29;"TFN";52.7400016785;"online";2
"user7";2018-11-02;"MAD";274.559997559;"online";39
"user3";2018-11-01;"MAD";46.0999984741;"online";52
"user9";2018-11-01;"MAD";115.230003357;"travel agency";47
"user9";2018-11-01;"MAD";40.2799987793;"travel agency";54
"user7";2018-10-29;"FUE";29.2600002289;"travel agency";31
"user1";2018-10-31;"SCQ";37.8600006104;"call center";3
"user1";2018-11-02;"MAD";150;"travel agency";73
"user10";2018-11-01;"MAD";29.1100006104;"online";2
"user7";2018-11-02;"LPA";29.3199996948;"online";20
"user3";2018-10-29;"CPH";52.7999992371;"online";42
"user3";2018-11-01;"MAD";40.2999992371;"online";18
"user3";2018-11-01;"MAD";104.319999695;"online";45
"user6";2018-10-31;"MAD";53.3600006104;"online";12
"user7";2018-11-01;"MAD";264.619995117;"travel agency";19
"user7";2018-11-01;"MAD";92.0199966431;"travel agency";34
"user7";2018-11-01;"TFN";114.699996948;"call center";3
"user7";2018-11-01;"MAN";103.550003052;"online";29
"user5";2018-11-01;"MAD";19.6100006104;"travel agency";1
"user1";2018-11-01;"MAD";63.3899993896;"travel agency";5
"user8";2018-11-01;"ACE";111.300003052;"online";1
"user8";2018-11-01;"SPC";142.910003662;"travel agency";1
"user8";2018-11-01;"PHL";143.86000061;"online";5
"user5";2018-11-01;"MAD";52.4399986267;"travel agency";32
"user4";2018-10-29;"TFN";54.7400016785;"online";23
"user5";2018-10-29;"MAD";33.5600013733;"online";0
"user7";2018-11-01;"LPA";152.830001831;"travel agency";74
"user10";2018-11-01;"MAD";0;"call center";10
"user3";2018-11-01;"PMI";34;"online";66
"user10";2018-10-30;"MAD";174.880004883;"travel agency";59
"user4";2018-11-02;"MAD";332.440002441;"online";1
"user4";2018-11-02;"MAD";94.9100036621;"travel agency";33
"user9";2018-11-03;"MAD";23.6499996185;"online";20
"user2";2018-10-31;"MAD";41.1199989319;"travel agency";42
"user9";2018-11-01;"MAD";27.0799999237;"online";3
"user6";2018-11-01;"MAD";1.5;"online";7
"user4";2018-11-01;"SVQ";20.6800003052;"travel agency";16
"user8";2018-11-01;"IBZ";20.8099994659;"travel agency";39
"user1";2018-11-02;"MAD";97.9800033569;"online";15
"user9";2018-11-01;"PMI";38.9700012207;"online";27
"user1";2018-11-01;"LPA";166.210006714;"online";46
"user3";2018-11-01;"LGW";76.1999969482;"online";33
"user6";2018-10-31;"MAD";81.4499969482;"online";33
"user1";2018-11-01;"SPC";136.410003662;"online";32
"user1";2018-11-01;"SPC";57.0099983215;"call center";1
"user10";2018-11-01;"MAD";48.3499984741;"online";31
"user10";2018-11-01;"LPA";35.1699981689;"travel agency";6
"user7";2018-11-01;"PMI";36.4500007629;"online";7
"user7";2018-11-02;"TXL";55.1199989319;"travel agency";0
"user3";2018-10-29;"TFS";29.5900001526;"travel agency";82
"user4";2018-11-01;"MAD";62.4300003052;"online";68
"user3";2018-11-01;"SCQ";38.7799987793;"travel agency";39
"user4";2018-11-01;"IBZ";60.7299995422;"online";38
"user9";2018-11-01;"MAD";26;"travel agency";1
"user6";2018-11-01;"PMI";51.8199996948;"online";5
"user9";2018-11-01;"SVQ";162.039993286;"travel agency";42
"user6";2018-11-01;"DUS";211.229995728;"online";6
"user9";2018-11-01;"MAD";31.8400001526;"online";67
"user9";2018-11-01;"MAD";26.9699993134;"online";54
"user9";2018-11-01;"MAD";218.669998169;"online";25
"user4";2018-11-01;"MAD";0;"online";21
"user1";2018-11-01;"MAD";33.9199981689;"online";69
"user9";2018-10-29;"MAD";54.7900009155;"travel agency";29
"user8";2018-10-29;"MAD";41.7000007629;"travel agency";6
"user5";2018-11-01;"MAD";37.9399986267;"travel agency";6
"user3";2018-11-01;"MAD";80.4100036621;"call center";4
"user7";2018-11-01;"MAD";110.309997559;"online";0
"user8";2018-11-01;"NAP";141.86000061;"online";15
"user1";2018-11-01;"MAD";57.5999984741;"online";70
"user5";2018-11-01;"MAD";223.970001221;"online";91
"user4";2018-11-01;"AGP";51.4900016785;"travel agency";18
"user4";2018-10-29;"MAD";76.6699981689;"online";26
"user4";2018-11-01;"CLT";53.5999984741;"travel agency";2
"user2";2018-11-01;"LPA";92.3300018311;"online";0
"user7";2018-11-01;"MAD";97.5;"online";37
"user3";2018-11-01;"MAD";72.3199996948;"travel agency";66
"user8";2018-11-01;"VGO";82.7099990845;"online";4
"user7";2018-11-01;"ALC";58.4799995422;"travel agency";65
"user3";2018-11-01;"AGP";22.2800006866;"online";12
"user2";2018-11-01;"SVQ";34.9000015259;"online";43
"user3";2018-11-01;"SVQ";25.9300003052;"travel agency";25
"user1";2018-11-01;"PMI";63.0800018311;"online";12
"user3";2018-11-01;"AGP";21.2900009155;"online";33
"user1";2018-11-01;"AGP";27.0599994659;"online";25
"user8";2018-11-01;"MAH";54.6399993896;"online";32
"user6";2018-11-01;"MAD";167.75;"online";15
"user7";2018-11-01;"MAD";76.3099975586;"online";11
"user7";2018-11-02;"MAD";81.7399978638;"travel agency";22
"user7";2018-11-01;"DUB";50.2200012207;"online";16
"user6";2018-11-01;"MAD";95.3499984741;"online";0
"user2";2018-11-01;"MAD";325.399993896;"travel agency";2
"user1";2018-11-01;"MAD";57.7900009155;"online";5
"user9";2018-11-01;"MAD";68.9199981689;"online";39
"user7";2018-11-01;"BHX";64.9700012207;"call center";3
"user3";2018-11-01;"MAD";92.4700012207;"online";37
"user1";2018-11-01;"SVQ";13.6099996567;"travel agency";64
"user7";2018-10-31;"MAD";30.7700004578;"online";28
"user9";2018-11-01;"LPA";72.8099975586;"online";21
"user6";2018-11-01;"LPA";148.779998779;"online";58
"user8";2018-11-01;"LPA";47.9300003052;"online";60
"user10";2018-11-01;"MAD";192.289993286;"travel agency";4
"user6";2018-11-01;"MIA";49.5099983215;"travel agency";29
"user2";2018-11-01;"ACE";98.3499984741;"online";3
"user4";2018-11-01;"MAD";87.5500030518;"travel agency";55
"user8";2018-10-29;"ACE";79.4300003052;"online";24
"user2";2018-11-01;"TXL";39.2999992371;"online";14
"user5";2018-11-01;"IBZ";28.25;"online";79
"user6";2018-11-01;"MAD";151.460006714;"online";2
"user8";2018-11-01;"CDG";58.7700004578;"travel agency";72
"user9";2018-11-01;"PMI";43.6199989319;"travel agency";1
"user7";2018-11-01;"AGP";48.0699996948;"online";93
"user2";2018-11-01;"AMS";350.440002441;"travel agency";1
"user2";2018-10-29;"PMI";64.4100036621;"online";19
"user4";2018-11-01;"MAD";130.740005493;"online";35
"user10";2018-10-29;"MAD";107.25;"online";3
"user3";2018-11-01;"LPA";67.2699966431;"online";17
"user8";2018-11-01;"MAD";37.8800010681;"travel agency";14
"user8";2018-11-02;"MAD";4.86000013351;"call center";7
"user8";2018-11-01;"MAD";104.699996948;"online";32
"user9";2018-11-01;"MAD";39.4399986267;"online";28
"user1";2018-11-01;"VGO";56.9099998474;"online";23
"user10";2018-11-01;"LGW";46.2799987793;"online";16
"user7";2018-11-01;"MAD";42.8600006104;"online";4
"user2";2018-11-01;"MAD";183.25;"travel agency";35
"user2";2018-11-01;"MAD";145.410003662;"online";44
"user3";2018-11-01;"AMS";106.480003357;"travel agency";87
"user10";2018-11-01;"MAD";24.0300006866;"online";21
"user4";2018-11-01;"NAP";49.5200004578;"online";58
"user7";2018-11-01;"MAD";96.5999984741;"travel agency";6
"user7";2018-11-01;"MAD";28.1499996185;"online";25
"user5";2018-11-01;"MAD";28.9699993134;"online";2
"user9";2018-11-01;"MAD";47.4099998474;"online";22
"user2";2018-11-01;"MAD";131.190002441;"online";37
"user4";2018-11-02;"TXL";39.0299987793;"online";13
"user9";2018-11-01;"MAD";180.970001221;"call center";1
"user5";2018-10-31;"AMS";57.75;"travel agency";60
"user8";2018-11-01;"AGP";81.5922616998235;"online";4
"user3";2018-10-30;"CAG";186.720001221;"travel agency";38
"user3";2018-11-01;"IBZ";59.5;"online";5
"user9";2018-11-01;"SVQ";22.7900009155;"online";24
"user5";2018-11-01;"MAD";15;"online";8
"user4";2018-11-01;"MAD";59.1100006104;"travel agency";52
"user4";2018-11-01;"SCQ";21.0699996948;"online";2
"user6";2018-11-01;"MAD";26.6100006104;"online";23
"user3";2018-10-29;"MAD";62.9399986267;"online";11
"user3";2018-11-01;"ALC";83.5599975586;"travel agency";60
"user8";2018-10-29;"TFN";67.4899978638;"online";3
"user7";2018-10-31;"MAD";4.90000009537;"online";6
"user4";2018-10-29;"TXL";61.4900016785;"online";41
"user8";2018-10-29;"MAD";22.6800003052;"online";23
"user1";2018-10-31;"MAD";66.5;"online";0
"user1";2018-11-01;"MAD";97.3499984741;"online";1
"user10";2018-11-03;"MAD";154.440002441;"online";30
"user5";2018-11-01;"MAD";21.3299999237;"call center";6
"user7";2018-11-01;"MAD";31.9799995422;"online";44
"user8";2018-11-01;"MAD";101.480003357;"online";13
"user6";2018-10-30;"TXL";43.6300010681;"online";2
"user3";2018-11-01;"MAD";503.010009766;"travel agency";37
"user4";2018-11-01;"SCQ";37.5999984741;"online";57
"user8";2018-11-01;"MAD";52.5200004578;"travel agency";4
"user7";2018-11-01;"AGP";338.940002441;"travel agency";35
"user5";2018-10-29;"MAD";44.0499992371;"travel agency";55
"user6";2018-11-01;"XRY";85.5800018311;"online";14
"user8";2018-11-01;"LGW";139.490005493;"call center";0
"user5";2018-11-01;"XRY";219.949996948;"travel agency";21
"user2";2018-10-30;"MAD";54.8699989319;"travel agency";7
"user7";2018-11-01;"MAD";134.190002441;"travel agency";35
"user5";2018-11-03;"MAD";79.3099975586;"travel agency";16
"user1";2018-11-03;"MAD";47.8699989319;"online";3
"user3";2018-10-29;"MAD";58.3400001526;"travel agency";1
"user9";2018-11-01;"MAD";114.629997253;"travel agency";6
"user10";2018-11-02;"TXL";53.6300010681;"online";7
"user4";2018-11-01;"LPA";162;"travel agency";19
"user3";2018-11-01;"AGP";74.0699996948;"online";50
"user9";2018-10-31;"SCQ";35.2999992371;"travel agency";5
"user9";2018-11-01;"TFS";70.6800003052;"travel agency";54
"user5";2018-11-01;"DUS";91.7300033569;"online";62
"user2";2018-11-01;"DUB";58.1100006104;"online";15
"user5";2018-10-29;"TFN";28.0599994659;"online";36
"user3";2018-10-31;"MAD";40.2099990845;"travel agency";28
"user6";2018-11-01;"RIX";115.629997253;"online";9
"user9";2018-11-01;"MAD";50.9500007629;"travel agency";86
"user1";2018-11-01;"LPA";33.6800003052;"online";2
"user8";2018-11-01;"LPA";187.580001831;"travel agency";20
"user4";2018-11-01;"MAD";9.75;"online";50
"user7";2018-10-30;"CDG";71.8399963379;"online";7
"user7";2018-11-01;"MAD";101.839996338;"online";33
"user1";2018-11-01;"MAD";2.38000011444;"call center";42
"user8";2018-11-01;"MAD";53.8699989319;"online";31
"user6";2018-11-01;"TFS";97.4599990845;"online";6
"user4";2018-11-02;"TFS";39.3199996948;"online";3
"user10";2018-11-01;"MAD";37.5;"online";29
"user2";2018-11-01;"SVQ";40.5600013733;"online";53
"user6";2018-11-01;"NCE";54.6100006104;"online";2
"user8";2018-11-02;"MAD";114.559997559;"travel agency";4
"user6";2018-11-01;"MAH";73.5500030518;"online";56
"user3";2018-11-02;"NAP";65.4000015259;"travel agency";67
"user10";2018-11-01;"RNS";103.160003662;"call center";5
"user10";2018-11-01;"MAD";211;"online";3
"user7";2018-11-01;"MAD";34.9500007629;"online";4
"user2";2018-11-01;"MAD";90.75;"online";4
"user6";2018-11-01;"MAD";20.7900009155;"call center";6
"user3";2018-10-30;"ACE";46.9300003052;"online";62
"user1";2018-11-01;"MAD";58.0600013733;"online";16
"user6";2018-10-30;"MAD";96.1500015259;"travel agency";31
"user8";2018-11-01;"MAD";87;"online";3
"user5";2018-11-01;"IBZ";48.3499984741;"online";1
"user3";2018-10-29;"MAD";64.8300018311;"travel agency";1
"user3";2018-10-29;"LPA";114.129997253;"travel agency";15
"user4";2018-11-01;"PMI";61.4500007629;"online";59
"user1";2018-11-01;"MAD";41.2999992371;"travel agency";6
"user4";2018-11-01;"MAD";233.339996338;"travel agency";74
"user10";2018-11-01;"GRX";87.5899963379;"online";31
"user6";2018-11-03;"NTE";38.7999992371;"online";14
"user7";2018-11-01;"MAD";59.7700004578;"online";18
"user1";2018-11-01;"ALC";54.6699981689;"online";56
"user7";2018-11-01;"MAD";49.6399993896;"online";30
"user10";2018-11-01;"MAD";18.1700000763;"online";10
"user6";2018-11-01;"MAD";22;"travel agency";2
"user7";2018-11-01;"MAD";122.370002747;"travel agency";13
"user9";2018-11-01;"TFN";52.7400016785;"online";36
"user10";2018-11-01;"MAD";164.970001221;"online";6
"user7";2018-10-31;"CPH";48.3400001526;"online";4
"user5";2018-11-01;"MAD";70.3499984741;"online";38
"user2";2018-10-30;"LGW";59.3600006104;"online";66
"user5";2018-11-01;"IBZ";108.940002441;"online";32
"user9";2018-11-01;"ALC";32.8100013733;"online";28
"user9";2018-11-01;"MAD";414.119995117;"travel agency";1
"user6";2018-10-29;"MAD";58.0299987793;"online";3
"user9";2018-11-01;"AMS";106.480003357;"travel agency";28
"user4";2018-11-01;"SCQ";321;"travel agency";29
"user2";2018-11-01;"JMK";99.8499984741;"online";1
"user5";2018-10-31;"TLS";159.380004883;"travel agency";52
"user3";2018-11-01;"MAD";156.630004883;"call center";42
"user9";2018-11-02;"TFS";96.2900009155;"travel agency";38
"user8";2018-11-01;"SVQ";32.3699989319;"online";51
"user7";2018-11-01;"LPA";38.8899993896;"online";51
"user8";2018-11-01;"MAD";63.3400001526;"online";45
"user8";2018-11-01;"MAD";49.3499984741;"travel agency";22
"user5";2018-11-02;"PMI";41.75;"online";5
"user7";2018-11-01;"IBZ";79.5800018311;"online";4
"user1";2018-11-01;"ALC";26.2999992371;"online";17
"user9";2018-11-03;"MAD";24.8099994659;"travel agency";27
"user1";2018-11-01;"MAD";59.3100013733;"online";31
"user2";2018-11-01;"MAD";24.8500003815;"travel agency";9
"user8";2018-11-01;"MAD";62.2099990845;"travel agency";4
"user9";2018-10-29;"SPC";80.8099975586;"online";27
"user8";2018-11-01;"MAD";30.5100002289;"online";4
"user7";2018-10-30;"MAD";34.4399986267;"online";28
"user3";2018-11-01;"MAD";28.3999996185;"travel agency";15
"user7";2018-11-01;"FUE";28.6800003052;"online";27
"user10";2018-11-01;"MAD";19.5499992371;"online";29
"user2";2018-11-01;"MAD";31.0200004578;"online";22
"user2";2018-11-01;"PMI";30.0100002289;"online";4
"user9";2018-11-01;"LPA";169.710006714;"travel agency";10
"user9";2018-10-31;"MAD";81.5922616998235;"online";16
"user1";2018-11-01;"LGW";222.850006104;"online";35
"user9";2018-11-01;"MAD";67.7099990845;"travel agency";23
"user9";2018-11-01;"MAD";111.379997253;"online";1
"user7";2018-11-01;"MAD";39.0099983215;"online";5
"user4";2018-10-29;"MAD";48.2099990845;"travel agency";45
"user2";2018-10-29;"MAD";18.4599990845;"travel agency";38
"user5";2018-11-01;"SPC";221;"travel agency";23
"user7";2018-10-29;"ACE";118.230003357;"online";12
"user3";2018-11-01;"TLS";39.1100006104;"online";1
"user8";2018-10-29;"MAD";33.9399986267;"online";26
"user5";2018-11-01;"MAD";336.589996338;"online";3
"user2";2018-11-01;"TLS";57.3800010681;"online";58
"user9";2018-11-01;"MAD";49.6699981689;"travel agency";4
"user8";2018-11-01;"FUE";37.8199996948;"call center";28
"user6";2018-10-29;"SVQ";34.7900009155;"travel agency";29
"user10";2018-11-01;"TFN";46.25;"online";64
"user2";2018-11-02;"TLS";28.9099998474;"online";9
"user10";2018-11-01;"SVQ";41.3400001526;"online";4
"user5";2018-11-01;"SVQ";13.1000003815;"online";7
"user7";2018-11-01;"MAD";358.029998779;"travel agency";2
"user8";2018-11-01;"MAD";69.2099990845;"online";44
"user7";2018-10-31;"MAD";67.1100006104;"travel agency";4
"user1";2018-11-01;"MAD";5.32000017166;"travel agency";9
"user6";2018-11-01;"TFN";144.919998169;"online";70
"user9";2018-10-29;"LYS";53.7799987793;"online";14
"user9";2018-10-29;"LPA";68.0500030518;"online";1
"user6";2018-11-01;"FRA";91.9599990845;"travel agency";4
"user8";2018-11-01;"MAD";74.6699981689;"travel agency";5
"user2";2018-11-01;"MAD";51.8199996948;"travel agency";25
"user2";2018-11-01;"MAD";34.6199989319;"online";14
"user6";2018-11-01;"PMI";67.3300018311;"online";5
"user2";2018-11-01;"MAD";183.86000061;"travel agency";7
"user2";2018-11-01;"VGO";205.88999939;"travel agency";5
"user2";2018-11-01;"VGO";24.6700000763;"online";39
"user4";2018-10-31;"LPA";271.350006104;"online";8
"user9";2018-11-01;"LGW";5.94000005722;"online";40
"user1";2018-11-01;"CMH";165.440002441;"online";88
"user2";2018-11-01;"CDG";85.4100036621;"online";65
"user10";2018-10-31;"MAD";123.569999695;"travel agency";4
"user9";2018-10-31;"MAD";39.7200012207;"travel agency";2
"user7";2018-11-01;"MAD";355.380004883;"call center";52
"user8";2018-11-01;"IBZ";93.7399978638;"online";74
"user2";2018-11-01;"SCQ";55.3899993896;"online";4
"user5";2018-11-01;"MAD";114.650001526;"online";36
"user1";2018-10-29;"TXL";29.0300006866;"online";5
"user5";2018-11-02;"TFS";25.1900005341;"online";13
"user8";2018-11-01;"MAD";47.5299987793;"online";6
"user7";2018-10-29;"TFN";22.6900005341;"online";7
"user5";2018-11-01;"BRU";210.559997559;"travel agency";57
"user4";2018-11-01;"MAD";23;"online";30
"user9";2018-10-31;"PMI";19.2800006866;"online";23
"user8";2018-11-01;"SCQ";46.1300010681;"online";57
"user5";2018-11-01;"SVQ";81.5922616998235;"online";44
"user7";2018-11-01;"MAD";24.8099994659;"online";3
"user5";2018-11-01;"SPC";128.75;"online";4
"user2";2018-10-29;"TXL";91.4199981689;"online";27
"user5";2018-11-01;"MAD";178.509994507;"travel agency";46
"user3";2018-11-02;"NTE";14;"online";54
"user10";2018-11-01;"LPA";51.3100013733;"call center";4
"user3";2018-11-01;"MAD";335.720001221;"travel agency";24
"user9";2018-11-01;"MAD";87.9499969482;"online";28
"user10";2018-11-03;"MAD";69.9599990845;"travel agency";6
"user3";2018-11-01;"DUB";130.710006714;"online";48
"user1";2018-11-01;"SVQ";38.3100013733;"online";1
"user7";2018-11-01;"SPC";42.6399993896;"online";23
"user3";2018-11-01;"SCQ";81.5922616998235;"travel agency";17
"user7";2018-11-01;"BRU";64.4899978638;"travel agency";2
"user9";2018-10-29;"TFN";30.9599990845;"online";74
"user8";2018-10-29;"TFN";15.1300001144;"online";48
"user6";2018-11-01;"TFN";86.1200027466;"online";68
"user10";2018-11-03;"MAD";46.8199996948;"online";5
"user4";2018-11-01;"MAD";63.5099983215;"online";84
"user7";2018-11-01;"TFS";60.2099990845;"online";41
"user4";2018-11-01;"TFN";15.1300001144;"online";2
"user1";2018-11-01;"MAD";49.4399986267;"online";96
"user3";2018-11-02;"AMS";50.3100013733;"online";1
"user1";2018-11-01;"STR";64.2799987793;"online";42
"user5";2018-11-01;"MAD";10.6300001144;"online";4
"user4";2018-11-01;"PMI";20.3600006104;"call center";21
"user10";2018-10-30;"PMI";26.5300006866;"travel agency";40
"user9";2018-10-29;"MAD";124.809997559;"online";19
"user9";2018-11-02;"FUE";47.2999992371;"travel agency";1
"user2";2018-10-29;"SCQ";35.5999984741;"travel agency";1
"user4";2018-11-01;"SVQ";32.3699989319;"online";43
"user2";2018-11-01;"MAD";91.8099975586;"online";12
"user9";2018-10-30;"NTE";64.7399978638;"call center";5
"user3";2018-11-01;"AGP";255.779998779;"travel agency";30
"user7";2018-11-01;"MAD";46.5499992371;"travel agency";1
"user2";2018-11-01;"MAD";66.6600036621;"online";45
"user6";2018-11-02;"TFN";53.8199996948;"travel agency";3
"user3";2018-10-31;"LPA";7.44000005722;"travel agency";21
"user9";2018-11-01;"MAD";46.6399993896;"online";65
"user7";2018-11-01;"LGA";24.8500003815;"travel agency";17
"user6";2018-11-01;"MAD";115.300003052;"online";0
"user7";2018-11-01;"TFN";46.4799995422;"online";33
"user2";2018-11-01;"MAD";58.4399986267;"online";2
"user2";2018-11-01;"VGO";49.0299987793;"online";2
"user4";2018-11-01;"XRY";41.3199996948;"travel agency";2
"user3";2018-10-31;"MAD";572.409973145;"travel agency";43
"user10";2018-10-29;"MAD";17.3199996948;"travel agency";3
"user6";2018-11-01;"MAD";42.7400016785;"online";74
"user5";2018-11-01;"XRY";22;"travel agency";31
"user8";2018-11-01;"MAD";82.8399963379;"online";15
"user7";2018-11-01;"SVQ";28.6000003815;"online";6
"user4";2018-11-01;"PMI";41.6399993896;"travel agency";4
"user6";2018-10-31;"AGP";29.1399993896;"online";60
"user2";2018-11-01;"TXL";146.429992676;"travel agency";0
"user2";2018-11-01;"MAD";147.339996338;"travel agency";22
"user10";2018-11-01;"MAD";4.73999977112;"call center";10
"user1";2018-10-29;"TXL";258.220001221;"online";65
"user3";2018-11-01;"MAD";27.9699993134;"online";64
"user10";2018-11-01;"VGO";229.820007324;"travel agency";43
"user6";2018-11-01;"MAD";19.2000007629;"travel agency";44
"user8";2018-10-29;"LPA";37.5999984741;"travel agency";15
"user3";2018-11-01;"FRA";330.420013428;"travel agency";10
"user1";2018-11-01;"SCQ";22.25;"online";5
"user6";2018-11-01;"MAD";340.940002441;"online";19
"user3";2018-11-01;"CDG";33.25;"online";42
"user10";2018-11-01;"MAD";169.710006714;"travel agency";20
"user2";2018-11-01;"MAH";48.3499984741;"online";63
"user3";2018-11-01;"MAD";140.88999939;"online";47
"user9";2018-11-01;"SVQ";90.4599990845;"travel agency";64
"user10";2018-11-01;"MAD";66.5500030518;"online";20
"user9";2018-10-29;"MAD";7.19999980927;"online";10
"user4";2018-11-01;"MAH";46.0999984741;"online";35
"user10";2018-11-02;"CPH";91.3199996948;"online";23
"user9";2018-11-01;"MAD";67.1200027466;"online";63
"user8";2018-11-01;"MAD";111.300003052;"travel agency";75
"user5";2018-11-01;"MAD";114.480003357;"travel agency";19
"user9";2018-11-01;"MAD";195.410003662;"online";64
"user9";2018-11-02;"TFN";77.6800003052;"travel agency";21
"user2";2018-11-01;"AMS";48;"travel agency";14
"user6";2018-11-03;"MAD";29.3799991608;"online";28
"user2";2018-11-01;"SPC";61.1199989319;"travel agency";32
"user2";2018-11-01;"MAD";50.7799987793;"online";5
"user10";2018-11-01;"MAD";36.7999992371;"online";29
"user8";2018-11-01;"MAD";77.4400024414;"online";6
"user9";2018-11-01;"PMI";20.7000007629;"call center";3
"user2";2018-11-01;"BPS";17.5699996948;"online";0
"user7";2018-10-31;"PMI";25.0599994659;"online";2
"user3";2018-10-30;"MAD";34.7299995422;"travel agency";46
"user2";2018-11-01;"AMS";125.309997559;"online";49
"user5";2018-11-01;"TFN";138.919998169;"travel agency";38
"user2";2018-11-01;"MAD";236.130004883;"travel agency";78
"user3";2018-11-01;"LPA";62.1199989319;"online";52
"user1";2018-11-01;"TFN";95.8300018311;"online";19
"user6";2018-11-01;"TXL";70.3399963379;"online";31
"user4";2018-11-01;"SCQ";38.8800010681;"travel agency";6
"user4";2018-10-29;"MAD";34.4700012207;"online";36
"user2";2018-10-31;"MAD";53.2799987793;"online";33
"user5";2018-11-02;"MAD";17.8099994659;"call center";37
"user3";2018-11-02;"SVQ";96.5400009155;"online";18
"user6";2018-11-01;"MAD";72.3700027466;"online";18
"user5";2018-11-01;"MAD";12.6099996567;"online";47
"user1";2018-11-01;"MAD";7.5;"call center";24
"user4";2018-10-30;"MAD";62.2000007629;"travel agency";74
"user5";2018-11-02;"SCQ";27.6900005341;"travel agency";63
"user10";2018-11-01;"VGO";119.339996338;"online";8
"user7";2018-11-01;"STR";81.5922616998235;"online";76
"user4";2018-11-01;"PMI";28.4200000763;"online";1
"user7";2018-11-02;"SVQ";34.1399993896;"online";66
"user9";2018-11-02;"MAD";34.3300018311;"online";3
"user4";2018-11-01;"MAD";75.6500015259;"online";5
"user10";2018-11-01;"MAD";279.450012207;"travel agency";49
"user2";2018-11-02;"PMI";15.5600004196;"travel agency";0
"user3";2018-11-01;"TFS";67.8799972534;"online";5
"user5";2018-11-01;"MAD";70.0800018311;"online";22
"user10";2018-11-01;"MAD";42.8899993896;"online";71
"user4";2018-11-01;"CWB";25.2399997711;"call center";33
"user9";2018-11-01;"MAD";94.4800033569;"travel agency";4
"user2";2018-11-01;"MAD";117.300003052;"travel agency";4
"user4";2018-11-01;"GIG";27.5900001526;"travel agency";4
"user9";2018-11-01;"MAD";172.330001831;"online";11
"user4";2018-11-01;"SVQ";17.2800006866;"online";5
"user2";2018-11-02;"MAD";158.449996948;"travel agency";39
"user5";2018-11-01;"MAD";86.7699966431;"online";27
"user5";2018-11-01;"MAD";183.839996338;"online";2
"user7";2018-11-02;"PMI";45.2999992371;"online";4
"user6";2018-11-01;"PMI";32.3800010681;"online";12
"user6";2018-11-01;"MAD";32.7700004578;"online";46
"user4";2018-11-01;"MAD";34.5499992371;"online";2
"user9";2018-10-30;"MAD";84.0299987793;"online";20
"user9";2018-10-31;"CAG";133.169998169;"online";4
"user10";2018-10-30;"NAP";81.0100021362;"online";40
"user10";2018-11-01;"TFN";50.5400009155;"online";98
"user10";2018-11-02;"MAD";36.8100013733;"travel agency";51
"user3";2018-11-01;"MAD";55.3699989319;"online";33
"user8";2018-11-01;"SCQ";6.98000001907;"online";7
"user1";2018-11-01;"MAD";54.5299987793;"online";1
"user10";2018-11-01;"AGP";46.4799995422;"online";51
"user3";2018-10-29;"AMS";62.3100013733;"online";34
"user4";2018-11-01;"LPA";26.5499992371;"online";4
"user7";2018-11-02;"MAD";50.6800003052;"online";2
"user2";2018-11-01;"SVQ";32.3699989319;"online";22
"user9";2018-10-29;"MAD";44.4399986267;"online";15
"user5";2018-11-01;"MAD";145.029998779;"online";38
"user3";2018-11-02;"MAD";62.9000015259;"online";6
"user5";2018-11-01;"TFS";159.539993286;"travel agency";13
"user1";2018-11-01;"MAD";66.9100036621;"online";6
"user4";2018-11-01;"MAD";175.880004883;"online";26
"user1";2018-11-01;"MAD";715.010009766;"online";5
"user8";2018-11-01;"MAD";46.0999984741;"online";38
"user1";2018-10-30;"TXL";29.0699996948;"online";34
"user9";2018-11-01;"MAD";23.1399993896;"online";20
"user5";2018-11-01;"MAD";22;"travel agency";4
"user8";2018-11-01;"CDG";80.6699981689;"online";5
"user10";2018-11-01;"MAD";86.5;"travel agency";60
"user5";2018-10-29;"MAD";185.419998169;"travel agency";49
"user7";2018-11-01;"MAD";104.290000916;"online";2
"user8";2018-11-01;"VGO";84.1600036621;"online";42
"user7";2018-10-29;"LYS";63.4500007629;"travel agency";5
"user10";2018-10-30;"CDG";108.839996338;"online";1
"user3";2018-11-01;"MAD";46.9700012207;"travel agency";37
"user8";2018-11-01;"MAD";93;"online";49
"user9";2018-11-01;"MAD";128.520004272;"online";2
"user5";2018-11-01;"MAD";111.11000061;"online";51
"user1";2018-11-02;"MAD";13.7399997711;"online";86
"user7";2018-11-01;"MAD";212.899993896;"travel agency";59
"user2";2018-11-02;"MAD";49.4399986267;"travel agency";3
"user1";2018-10-29;"NAP";123.559997559;"travel agency";4
"user1";2018-11-01;"ACE";77.0800018311;"online";1
"user1";2018-11-01;"MAD";136.220001221;"travel agency";2
"user7";2018-11-01;"MAD";24.6599998474;"online";4
"user6";2018-11-01;"LPA";39.3199996948;"online";19
"user9";2018-10-29;"MAD";113.580001831;"travel agency";16
"user6";2018-11-01;"MAD";63.5;"online";7
"user10";2018-10-31;"SVQ";85.4499969482;"travel agency";6
"user7";2018-10-30;"LPA";57.8800010681;"online";3
"user1";2018-11-01;"LPA";98.7699966431;"online";0
"user9";2018-11-01;"MAD";139.119995117;"travel agency";5
"user6";2018-11-01;"ALC";158.869995117;"travel agency";33
"user8";2018-11-01;"ALC";96.0599975586;"online";26
"user7";2018-11-01;"MAD";38.2799987793;"travel agency";30
"user9";2018-11-01;"MAD";321.200012207;"online";2
"user6";2018-11-01;"TXL";21.2099990845;"online";16
"user8";2018-10-29;"LGW";156.630004883;"travel agency";75
"user4";2018-11-01;"TFN";376.989990234;"online";6
"user10";2018-11-01;"AMS";56.9000015259;"online";7
"user10";2018-11-01;"MAD";72.5199966431;"travel agency";17
"user5";2018-10-29;"LGW";30.5499992371;"online";23
"user8";2018-11-01;"MAD";24.8199996948;"online";4
"user9";2018-10-30;"LGW";154.009994507;"online";2
"user2";2018-11-01;"MAD";20.75;"online";5
"user6";2018-11-01;"MAD";39.4500007629;"online";44
"user9";2018-11-01;"PMI";69.4300003052;"travel agency";65
"user6";2018-11-01;"MAD";140;"travel agency";33
"user4";2018-11-01;"TFN";55.0999984741;"online";3
"user10";2018-11-03;"MAD";61.75;"travel agency";46
"user8";2018-11-03;"TFN";192.759994507;"online";95
"user8";2018-11-01;"MAD";40.2900009155;"online";85
"user4";2018-11-01;"MAD";286.700012207;"travel agency";35
"user9";2018-11-01;"MAD";103.779998779;"online";3
"user8";2018-11-02;"SVQ";66.1100006104;"online";54
"user9";2018-10-29;"NTE";28.1700000763;"online";12
"user5";2018-11-01;"MAD";51.3400001526;"online";30
"user10";2018-11-01;"MAD";113.430000305;"online";64
"user6";2018-11-01;"AMS";228.119995117;"travel agency";18
"user1";2018-10-29;"TXL";39.0400009155;"online";50
"user7";2018-11-01;"MAD";20.2900009155;"online";32
"user2";2018-11-03;"CDG";43.8300018311;"travel agency";60
"user10";2018-11-01;"MAD";83.9899978638;"online";33
"user1";2018-11-01;"MAD";313.529998779;"travel agency";51
"user10";2018-11-01;"TFN";126.449996948;"travel agency";26
"user1";2018-11-01;"KRK";88.5;"online";29
"user10";2018-11-01;"SVQ";92.5299987793;"travel agency";48
"user1";2018-10-30;"AMS";67.1399993896;"travel agency";19
"user3";2018-10-30;"SVQ";86.2699966431;"online";59
"user5";2018-10-29;"MAD";32.4199981689;"online";26
"user3";2018-11-01;"MAD";65.1100006104;"online";4
"user8";2018-11-01;"MAD";313.790008545;"travel agency";55
"user6";2018-11-01;"PMI";67.1399993896;"online";61
"user6";2018-10-31;"MAD";81.8099975586;"online";40
"user5";2018-11-01;"SVQ";19.0400009155;"travel agency";38
"user3";2018-11-01;"MAD";17.6100006104;"travel agency";43
"user9";2018-11-01;"MAD";48.3499984741;"online";37
"user2";2018-11-01;"MAD";57.6800003052;"travel agency";28
"user2";2018-11-01;"TFN";220.460006714;"online";28
"user9";2018-11-01;"MAD";112.970001221;"online";28
"user3";2018-11-01;"MAD";131.210006714;"online";7
"user4";2018-10-30;"MAD";22.6800003052;"online";54
"user6";2018-11-01;"MAD";34.6300010681;"travel agency";2
"user6";2018-11-01;"MAD";122.199996948;"call center";11
"user3";2018-11-01;"MAD";67.0999984741;"online";3
"user9";2018-11-01;"MAD";41.8300018311;"online";57
"user5";2018-11-01;"MAD";139.720001221;"travel agency";3
"user10";2018-10-30;"MAN";104.629997253;"online";6
"user3";2018-11-01;"PMI";34;"online";72
"user1";2018-11-01;"TFS";100.069999695;"online";1
"user5";2018-11-01;"AGP";21.2900009155;"online";40
"user5";2018-11-01;"MAH";24.3099994659;"online";59
"user8";2018-10-30;"SCQ";35.9700012207;"travel agency";30
"user8";2018-10-29;"TFN";22.2099990845;"travel agency";48
"user9";2018-11-01;"MAD";35.1699981689;"call center";25
"user10";2018-11-01;"TFN";16.4200000763;"call center";40
"user3";2018-10-29;"MAD";79.4400024414;"online";3
"user1";2018-11-01;"MAD";51.3300018311;"online";6
"user4";2018-11-01;"MAD";21.2900009155;"online";6
"user5";2018-11-01;"MAD";20.8099994659;"online";8
"user3";2018-11-01;"MAD";42.9799995422;"online";68
"user1";2018-11-01;"ALC";30.7000007629;"travel agency";20
"user7";2018-10-29;"MAD";172.440002441;"online";39
"user6";2018-11-01;"PMI";83.6500015259;"online";23
"user3";2018-11-01;"TFN";250.929992676;"call center";4
"user1";2018-11-01;"MAD";34.1399993896;"online";7
"user1";2018-11-01;"MAD";158.600006104;"online";12
"user10";2018-11-01;"IBZ";51.7700004578;"online";85
"user6";2018-11-01;"SVQ";42.4500007629;"travel agency";6
"user10";2018-11-01;"MAD";48.3499984741;"online";46
"user3";2018-11-01;"DUS";90.5899963379;"travel agency";5
"user1";2018-10-30;"CPH";85.9700012207;"online";45
"user2";2018-11-01;"MAD";209.800003052;"travel agency";30
"user9";2018-11-01;"MAD";88.2799987793;"online";49
"user6";2018-11-02;"NCE";95.4400024414;"travel agency";2
"user10";2018-11-01;"TXL";43.6300010681;"online";37
"user8";2018-10-31;"MAD";48.9399986267;"online";15
"user3";2018-11-01;"PMI";30.8400001526;"travel agency";6
"user6";2018-11-01;"SDU";7.51000022888;"travel agency";22
"user2";2018-11-01;"TXL";157.13999939;"travel agency";24
"user2";2018-11-01;"TXL";96.6299972534;"online";85
"user2";2018-11-01;"SCQ";34.1399993896;"online";5
"user10";2018-11-01;"MAD";22.6800003052;"online";15
"user2";2018-11-01;"TFS";158.210006714;"travel agency";13
"user9";2018-11-01;"TFS";43.7700004578;"online";62
"user6";2018-11-02;"CDG";41.8400001526;"travel agency";2
"user1";2018-10-30;"PMI";21.2099990845;"online";1
"user2";2018-11-01;"AMS";48.6699981689;"online";5
"user8";2018-11-01;"PMI";16.9799995422;"online";5
"user2";2018-11-01;"DUB";138.509994507;"online";32
"user6";2018-11-01;"MAD";35.8300018311;"travel agency";3
"user10";2018-11-01;"TFN";71.9400024414;"travel agency";6
"user5";2018-11-01;"MAD";22.5300006866;"online";2
"user3";2018-11-01;"MAD";183.029998779;"travel agency";26
"user7";2018-11-01;"MAD";66.3799972534;"travel agency";10
"user7";2018-11-01;"MAD";194.070007324;"online";2
"user7";2018-11-01;"SCQ";115.089996338;"travel agency";38
"user7";2018-11-01;"PMI";60.8600006104;"online";2
"user1";2018-11-01;"MAD";81.5922616998235;"online";2
"user10";2018-11-02;"MAD";69.8300018311;"online";9
"user6";2018-10-31;"MAD";41.8300018311;"online";2
"user4";2018-11-02;"MAD";60.6599998474;"online";49
"user4";2018-11-01;"MAD";54.6699981689;"online";5
"user5";2018-11-01;"MAD";18.9500007629;"online";6
"user3";2018-11-01;"MAD";105.910003662;"online";11
"user9";2018-11-01;"PMI";10.970000267;"online";38
"user3";2018-11-01;"MAD";60.2200012207;"travel agency";5
"user4";2018-11-01;"LPA";37.9700012207;"travel agency";14
"user1";2018-11-01;"MAD";140.479995728;"travel agency";34
"user3";2018-11-01;"MAD";166.220001221;"online";0
"user5";2018-11-01;"TFN";107.580001831;"travel agency";1
"user2";2018-10-30;"MAD";48.9399986267;"online";71
"user6";2018-11-01;"TFN";68.9899978638;"online";1
"user2";2018-11-01;"AMS";204.380004883;"online";5
"user8";2018-11-01;"MAD";70.0800018311;"online";40
"user6";2018-11-03;"TFS";105.800003052;"travel agency";32
"user9";2018-11-03;"MAD";148.440002441;"online";25
"user3";2018-11-01;"VGO";51.7099990845;"online";4
"user10";2018-11-01;"FUE";46.2799987793;"online";24
"user5";2018-11-01;"MAD";91.0299987793;"online";46
"user2";2018-10-29;"SCQ";38.2599983215;"travel agency";0
"user8";2018-11-01;"PMI";40.0800018311;"travel agency";11
"user4";2018-11-01;"MAD";55.4199981689;"online";1
"user10";2018-11-01;"MAD";81.5922616998235;"travel agency";4
"user7";2018-11-01;"MAD";108.169998169;"online";48
"user5";2018-10-31;"PMI";42.6699981689;"online";35
"user10";2018-11-01;"MAD";48.3499984741;"online";24
"user2";2018-11-01;"VGO";54.7400016785;"online";3
"user10";2018-11-01;"JMK";103.599998474;"online";65
"user2";2018-10-29;"MAD";105.209999084;"online";1
"user6";2018-11-01;"MAD";54.0299987793;"travel agency";53
"user5";2018-11-01;"MAD";131.339996338;"online";60
"user9";2018-11-01;"MAD";268.470001221;"travel agency";0
"user1";2018-11-01;"MAD";139.710006714;"travel agency";0
"user6";2018-11-01;"MAD";27;"travel agency";24
"user7";2018-11-01;"MAD";70.2799987793;"call center";40
"user6";2018-11-01;"SCQ";15.8500003815;"online";2
"user1";2018-10-31;"SPC";94.1600036621;"travel agency";20
"user8";2018-11-01;"MAD";5;"online";3
"user10";2018-11-01;"MAD";42.7299995422;"online";47
"user3";2018-10-29;"MAD";34.5800018311;"online";76
"user6";2018-11-01;"ALC";355.5;"online";17
"user7";2018-11-02;"MAD";34.3300018311;"online";5
"user1";2018-11-01;"MAD";109.379997253;"travel agency";2
"user10";2018-11-01;"MAD";103.61000061;"online";43
"user2";2018-11-01;"MAD";248.740005493;"online";47
"user3";2018-11-01;"LPA";65.5400009155;"online";45
"user4";2018-11-02;"MAD";97.1399993896;"online";6
"user1";2018-10-29;"MAD";30.1299991608;"online";37
"user6";2018-11-01;"MAD";174.779998779;"travel agency";27
"user3";2018-11-01;"MAD";150.210006714;"online";64
"user4";2018-10-29;"SVQ";135.190002441;"travel agency";6
"user1";2018-11-02;"MAD";84.3099975586;"online";18
"user1";2018-11-01;"MAD";135.440002441;"online";31
"user2";2018-10-31;"TXL";86.5299987793;"travel agency";0
"user8";2018-10-30;"MAD";76.6699981689;"travel agency";23
"user4";2018-11-01;"SCQ";114.839996338;"travel agency";7
"user7";2018-11-01;"MAD";403;"travel agency";16
"user4";2018-11-01;"SCQ";21.1800003052;"online";22
"user4";2018-11-01;"TFN";37.8199996948;"travel agency";25
"user1";2018-11-01;"CDG";247.880004883;"travel agency";10
"user10";2018-11-01;"MAN";0;"online";43
"user10";2018-11-01;"LPA";58.9599990845;"online";3
"user4";2018-11-01;"LPA";34.7299995422;"online";34
"user3";2018-11-01;"SVQ";22;"travel agency";3
"user9";2018-11-01;"MAD";121.790000916;"online";17
"user4";2018-11-02;"TFN";25.8099994659;"online";11
"user1";2018-10-29;"LGW";38.1300010681;"online";24
"user9";2018-11-01;"MAD";58.3300018311;"travel agency";12
"user3";2018-11-01;"MAD";194.869995117;"travel agency";1
"user1";2018-11-01;"ACE";281.209991455;"travel agency";12
"user3";2018-11-01;"MAD";36.2599983215;"online";47
"user4";2018-11-01;"MAD";48.5900001526;"online";20
"user7";2018-10-29;"TXL";144.029998779;"travel agency";10
"user8";2018-11-01;"LPA";16.7099990845;"online";7
"user3";2018-11-01;"PMI";120.309997559;"online";2
"user7";2018-11-03;"MAD";41.3100013733;"travel agency";12
"user3";2018-11-01;"TFN";70.8099975586;"online";34
"user6";2018-11-01;"LPA";45.9599990845;"travel agency";88
"user5";2018-11-01;"NCE";220.039993286;"online";69
"user9";2018-11-01;"GIG";15.8000001907;"travel agency";2
"user10";2018-11-01;"MAD";100.510002136;"call center";10
"user8";2018-11-01;"IBZ";35.9300003052;"online";6
"user6";2018-11-01;"PMI";85.6800003052;"online";26
"user4";2018-11-01;"MAD";24.6700000763;"online";21
"user7";2018-11-01;"MAD";182.490005493;"online";5
"user9";2018-10-29;"TFS";18.2199993134;"travel agency";11
"user10";2018-11-01;"MAD";52.2099990845;"online";6
"user1";2018-11-01;"PMI";37.9599990845;"travel agency";36
"user10";2018-11-01;"TFN";24.0499992371;"travel agency";6
"user5";2018-11-01;"AMS";5;"online";20
"user2";2018-11-01;"DUS";175.199996948;"travel agency";27
"user2";2018-11-01;"PMI";45.1699981689;"travel agency";54
"user3";2018-11-01;"MAD";122.089996338;"online";5
"user9";2018-11-01;"MAD";76.9499969482;"travel agency";4
"user4";2018-11-01;"ALC";122.529998779;"online";2
"user2";2018-11-01;"MAD";19.0499992371;"travel agency";62
"user8";2018-11-01;"TFS";85.9700012207;"online";21
"user2";2018-11-01;"MAD";174.11000061;"travel agency";14
"user7";2018-11-01;"MAD";31.6200008392;"online";4
"user2";2018-11-01;"MAD";34.6199989319;"online";22
"user5";2018-11-01;"AMS";83.9400024414;"travel agency";27
"user2";2018-11-01;"JMK";103.599998474;"online";7
"user8";2018-11-01;"MAD";45.5;"online";26
"user9";2018-11-01;"TXL";62.8300018311;"travel agency";42
"user10";2018-10-31;"MAD";26.4300003052;"travel agency";54
"user6";2018-10-30;"LGW";34.0099983215;"travel agency";74
"user3";2018-10-29;"MAD";44.2799987793;"travel agency";77
"user6";2018-11-01;"ALC";34.9000015259;"online";45
"user8";2018-11-01;"PMI";12.9600000381;"travel agency";19
"user2";2018-11-02;"LGW";185.899993896;"online";6
"user5";2018-11-03;"TXL";86.7200012207;"travel agency";2
"user9";2018-10-30;"MAD";12.3800001144;"online";44
"user10";2018-11-01;"MAD";44.4500007629;"travel agency";2
"user2";2018-11-03;"MAD";136.320007324;"travel agency";55
"user5";2018-11-01;"MAD";162.410003662;"online";10
"user3";2018-11-01;"MAD";23.9799995422;"online";39
"user1";2018-11-01;"MAD";21.8600006104;"online";5
"user6";2018-11-01;"MAD";110.089996338;"online";55
"user1";2018-11-02;"LGW";34.8899993896;"online";4
"user9";2018-11-01;"MAD";26.9200000763;"online";7
"user10";2018-10-31;"MAD";33.8499984741;"travel agency";25
"user10";2018-11-01;"MAD";55.9799995422;"online";0
"user10";2018-10-31;"DUB";41.5400009155;"online";34
"user8";2018-11-01;"IBZ";20.8600006104;"online";4
"user9";2018-11-01;"TFN";33.8100013733;"online";24
"user9";2018-11-01;"MAD";175.479995728;"travel agency";14
"user4";2018-10-29;"MAD";24.7700004578;"travel agency";33
"user9";2018-11-01;"MAH";57.0400009155;"online";1
"user7";2018-10-29;"MAD";42.5699996948;"travel agency";4
"user7";2018-10-31;"MAD";133.740005493;"online";5
"user3";2018-11-01;"MAD";68.3300018311;"online";1
"user6";2018-10-30;"SCQ";30.7000007629;"online";34
"user4";2018-11-01;"PMI";60.0600013733;"online";18
"user10";2018-11-01;"MAD";23.2900009155;"online";5
"user7";2018-11-01;"MAD";109.330001831;"online";58
"user6";2018-11-01;"MAD";18.6700000763;"online";4
"user3";2018-11-01;"BOD";54.8800010681;"online";6
"user1";2018-10-29;"MAD";97.1399993896;"online";4
"user5";2018-11-01;"ACE";35.3100013733;"online";1
"user9";2018-11-01;"MAD";148.75;"call center";14
"user10";2018-11-01;"SCQ";84.9100036621;"online";0
"user8";2018-11-01;"TFS";15;"travel agency";75
"user3";2018-11-01;"SVQ";52.0200004578;"travel agency";39
"user5";2018-10-31;"TFN";110.669998169;"travel agency";34
"user4";2018-11-01;"MAD";97.7200012207;"online";2
"user5";2018-11-01;"SVQ";50.1300010681;"travel agency";12
"user1";2018-11-01;"MAD";88.8099975586;"online";0
"user5";2018-11-01;"PMI";42.0800018311;"travel agency";73
"user7";2018-11-02;"MAD";304.380004883;"travel agency";2
"user10";2018-10-30;"NAP";104.400001526;"online";28
"user10";2018-11-01;"MAD";24.8099994659;"online";3
"user1";2018-11-01;"MAD";72.1100006104;"travel agency";3
"user2";2018-11-01;"MAD";34.4399986267;"travel agency";21
"user6";2018-11-01;"MAN";40.1899986267;"online";0
"user1";2018-11-01;"MAD";147.119995117;"travel agency";7
"user1";2018-11-01;"MAD";12.6000003815;"travel agency";18
"user4";2018-11-01;"SCQ";52.3600006104;"travel agency";12
"user9";2018-11-01;"MAD";37.8100013733;"online";12
"user3";2018-10-29;"MAD";102.709999084;"travel agency";125
"user10";2018-11-01;"MAD";38.3899993896;"online";8
"user9";2018-11-03;"MAD";40.4399986267;"travel agency";23
"user2";2018-10-31;"MAD";20.2299995422;"online";0
"user6";2018-11-01;"CPH";39.9700012207;"travel agency";59
"user8";2018-11-01;"MAH";36.3499984741;"online";1
"user6";2018-11-01;"TFN";56.0400009155;"travel agency";51
"user5";2018-11-02;"TFN";15.1300001144;"travel agency";6
"user4";2018-11-02;"MAD";29.1399993896;"travel agency";26
"user4";2018-11-01;"MAD";28;"travel agency";66
"user4";2018-11-01;"LPA";188.759994507;"travel agency";4
"user7";2018-11-01;"CPH";175.460006714;"travel agency";38
"user7";2018-11-01;"MAD";93.1800003052;"travel agency";24
"user7";2018-11-01;"MAD";266.739990234;"online";36
"user8";2018-11-01;"CDG";41.25;"travel agency";6
"user3";2018-11-01;"TFS";98;"travel agency";52
"user1";2018-11-01;"DUB";117.61000061;"online";5
"user4";2018-11-01;"SCQ";127.120002747;"travel agency";29
"user4";2018-11-01;"MAD";48.9700012207;"online";52
"user2";2018-11-01;"PMI";23;"online";40
"user4";2018-11-02;"RNS";133.529998779;"online";52
"user2";2018-10-31;"LGW";46.3600006104;"online";44
"user10";2018-11-01;"MAD";76.1999969482;"online";22
"user5";2018-11-01;"TFN";31.5599994659;"online";32
"user2";2018-11-01;"PMI";13;"travel agency";13
"user2";2018-11-01;"SCQ";76.2600021362;"travel agency";0
"user2";2018-11-01;"AMS";6.17999982834;"travel agency";0
"user8";2018-11-01;"SPC";102.199996948;"travel agency";14
"user7";2018-10-30;"LGW";27.0699996948;"online";39
"user5";2018-10-30;"AGP";288.75;"online";8
"user6";2018-10-30;"TFN";33.1399993896;"online";3
"user2";2018-11-01;"MAD";53.2000007629;"online";0
"user1";2018-11-01;"PMI";37.5999984741;"travel agency";43
"user8";2018-11-01;"MAD";63.4099998474;"online";2
"user9";2018-11-01;"LGA";8.71000003815;"travel agency";73
"user6";2018-11-01;"LPA";19.3299999237;"online";2
"user6";2018-11-01;"MAD";11.5500001907;"online";27
"user1";2018-11-01;"MAD";115.099998474;"online";29
"user1";2018-10-31;"MAD";35.5099983215;"travel agency";49
"user7";2018-11-01;"MAD";100.459999084;"travel agency";27
"user8";2018-11-01;"MAD";25.1100006104;"call center";3
"user7";2018-11-01;"MAD";34.5;"travel agency";54
"user4";2018-11-01;"VGO";38.2400016785;"online";10
"user1";2018-11-01;"PMI";100.330001831;"online";45
"user2";2018-11-01;"VGO";140.119995117;"travel agency";61
"user10";2018-11-01;"MAD";192.440002441;"travel agency";0
"user7";2018-11-01;"MAD";39.1100006104;"travel agency";6
"user1";2018-11-01;"MAD";37.6199989319;"online";59
"user9";2018-11-01;"CPH";83.3399963379;"online";5
"user9";2018-11-01;"TFN";78.2300033569;"online";6
"user7";2018-11-02;"AGP";208.910003662;"travel agency";0
"user9";2018-11-01;"MAD";44.8899993896;"travel agency";2
"user6";2018-11-01;"MAD";33.1800003052;"online";23
"user8";2018-11-01;"MAD";45.7999992371;"online";0
"user4";2018-11-01;"NCE";81.2099990845;"online";6
"user8";2018-11-01;"MAD";174.619995117;"travel agency";3
"user1";2018-11-01;"TFN";60.5099983215;"online";24
"user8";2018-11-01;"LPA";31.6100006104;"travel agency";1
"user5";2018-10-30;"MAD";63.0600013733;"travel agency";2
"user9";2018-10-29;"AMS";83.9499969482;"travel agency";58
"user1";2018-11-01;"MAD";86.9000015259;"online";13
"user8";2018-11-01;"LYS";54.9700012207;"online";2
"user2";2018-11-01;"MAD";81.5922616998235;"online";2
"user8";2018-11-01;"MAD";29.0200004578;"online";21
"user9";2018-11-01;"SCQ";57.6199989319;"online";16
"user2";2018-11-01;"JMK";99.8499984741;"online";29
"user10";2018-11-01;"SVQ";34.6100006104;"online";39
"user4";2018-10-30;"MAD";49.8800010681;"online";5
"user10";2018-11-02;"CDG";152.960006714;"online";4
"user6";2018-11-01;"MAD";98.3399963379;"online";0
